,  uid , nid , title                                                                                , type ,
,   3 , 300 , Drupal Modules phone home!                                                           , blog ,
,   6 , 301 , Getting content on your site                                                         , blog ,
,   3 , 302 , Amazon Web Services                                                                  , blog ,
,   5 , 303 , Selecting the right web technology company to fit your organization's needs          , blog ,
,   4 , 304 , Has agility gone mainstream?                                                         , blog ,
,   7 , 305 , Essential modules for blogging                                                       , blog ,
,   6 , 306 , Who needs Comscore?                                                                  , blog ,
,   2 , 308 , Websites: The cost of ownership                                                      , blog ,
,   3 , 309 , Growing up to be a CTO                                                               , blog ,
,   3 , 311 , Paging blocks with AJAX Views                                                        , blog ,
,  22 , 312 , The perils of planning                                                               , blog ,
,   6 , 313 , What is this agility you keep talking about?                                         , blog ,
,  20 , 314 , Three Google Apps I#m Determined to Try Out This Year                                , blog ,
,   2 , 315 , Can CiviCRM help your organization?                                                  , blog ,
,   4 , 316 , Lessons in recruiting the "right" people                                             , blog ,
,   3 , 318 , Remove a Drupal tab                                                                  , blog ,
,  11 , 319 , When an Avatar is your professional face                                             , blog ,
,   3 , 320 , Fixing delete should mean backspace in iTerm                                         , blog ,
,   6 , 321 , Too many social networks?                                                            , blog ,
,   7 , 322 , Expectations for DrupalCon 2008 Boston                                               , blog ,
,   7 , 323 , Quick Trivia - How many Drupal modules?                                              , blog ,
,   6 , 324 , Web 2.0 strategies from Gartner                                                      , blog ,
,  17 , 325 , Mobile-friendly web design matters more than ever                                    , blog ,
,   6 , 326 , Jakob Nielson's latest list                                                          , blog ,
,   6 , 327 , A different take on 2.0                                                              , blog ,
,   3 , 328 , DrupalCon plan of attack                                                             , blog ,
,   5 , 329 , Client homework before the web development project begins                            , blog ,
,   9 , 330 , A quick tip on entering non-ASCII characters                                         , blog ,
,   6 , 331 , Drupalcon Live!                                                                      , blog ,
,  17 , 332 , Playing devil's ad-vocate                                                            , blog ,
,   6 , 333 , Widgets for all!                                                                     , blog ,
,   6 , 334 , DrupalCon happenings                                                                 , blog ,
,   2 , 335 , The rough seas of a website launch                                                   , blog ,
,  16 , 336 , Web Developer Tools                                                                  , blog ,
,   6 , 337 , Tech information for the non-technical                                               , blog ,
,  20 , 338 , RESTful URL Support in Apache Struts 2                                               , blog ,
,  16 , 340 , Do you know about Feedburner and Tumblr?                                             , blog ,
,  16 , 341 , Copy-Title Firefox Extension                                                         , blog ,
,   6 , 342 , Media companies getting in on the advertising business?                              , blog ,
,   6 , 343 , Media companies getting in on the advertising business?                              , blog ,
,  17 , 344 , Run multiple versions of IE simultaneously - with ease!                              , blog ,
,   6 , 345 , A wiki about DC startups                                                             , blog ,
,   6 , 346 , Google alternatives                                                                  , blog ,
,   3 , 347 , HOWTO: Install PECL APC Cache on CentOS (without XAMPP)                              , blog ,
,   4 , 348 , What sites are being built using Drupal?                                             , blog ,
,  16 , 349 , Useful Firefox AddOns                                                                , blog ,
,  22 , 350 , Planning Your Content Migration                                                      , blog ,
,  22 , 351 , Software Estimation with a Grain of Salt                                             , blog ,
,  22 , 354 , Building iteratively for the win!                                                    , blog ,
,   4 , 356 , How is this "Semantic Web" going to be different?                                    , blog ,
,   4 , 357 , Top 10 ways open source software applications are different than commercial software , blog ,
,   5 , 358 , Lessons Learned from Online Journalism and Publishing Projects                       , blog ,
,   6 , 359 , Join local experts at TeqCorner                                                      , blog ,
,   4 , 360 , Calais Releases R3 Preview                                                           , blog ,
,   6 , 361 , Join local experts at TeqCorner                                                      , blog ,
,   7 , 362 , Extreme Form Handling in Drupal                                                      , blog ,
,   2 , 363 ,  AJAX as an adjective?                                                               , blog ,
,  18 , 364 , Content reigns supreme, but forced blog entries never end well...                    , blog ,
,   3 , 365 , What  is Phase2 up to?                                                               , blog ,
,  17 , 366 , Showing less while giving more                                                       , blog ,
,   7 , 367 , Menu Items Disappeared in Drupal 5                                                   , blog ,
,  20 , 368 , BIRT to the Rescue                                                                   , blog ,
,   4 , 369 , Apture is another way to add a semantic web experience with a rich media appeal      , blog ,
,   6 , 371 , Meetup at Teqcorner tonight - don't miss it!                                         , blog ,
,   6 , 372 , Drupalcon DC Announced                                                               , blog ,
,   3 , 373 , Productivity ftw!                                                                    , blog ,
,  19 , 374 , PDANet: Where do YOU want to access the net?                                         , blog ,
,  17 , 375 , Run Firefox 2 and 3 simultaneously without using a third-party tool                  , blog ,
,   4 , 376 , Phase2 BBQ                                                                           , blog ,
,   6 , 377 , Listen to Acquia's Calais Podcast                                                    , blog ,
,   6 , 378 , Mark your calendar. Tell your friends. The next NoVa Drupal meetup is on July 8th.   , blog ,
,   6 , 382 , Northern Virginia Drupal Meetup Tomorrow Night                                       , blog ,
,  18 , 383 , More semantic web applications                                                       , blog ,
,   7 , 384 , Google Protocol Buffers - the Good, the Bad and the Ugly                             , blog ,
,  20 , 385 , The Virtual Office Space                                                             , blog ,
,  16 , 386 , Introducing View Alias Module                                                        , blog ,
,   7 , 388 , Confirmation Bias and Modern Technology                                              , blog ,
,   7 , 389 , Lean in Software Engineering                                                         , blog ,
,   6 , 391 , Drupal Modules for Apture                                                            , blog ,
,   7 , 392 , Blackhole Noise - Kill the Office Noise!                                             , blog ,
,  17 , 393 , Great screen capture add-on for Firefox 3.0.1                                        , blog ,
,   7 , 394 , Tagging for SEO in Drupal                                                            , blog ,
,   4 , 395 , GTD (and sticking with it)                                                           , blog ,
,   4 , 396 , Phased development. A way to keep it real.                                           , blog ,
,   6 , 397 , Northern Virginia Drupal Meetup tonight at Teqcorner                                 , blog ,
,   3 , 398 , Troubles with Drupal, File Uploads, and XAMPP                                        , blog ,
,  19 , 399 , Donate Your Old Hardware and Give Your Machines a Second Lease on Life               , blog ,
,   4 , 400 , Imagine Alexandria: THE creative hub of our region                                   , blog ,
,   6 , 401 , What a publisher wants, what a publisher needs...                                    , blog ,
,  20 , 402 , Hibernate 3.3 Upgrade Tips                                                           , blog ,
,   6 , 403 , Have you hugged your developer today?                                                , blog ,
,   3 , 404 , Calais for Drupal 2.0                                                                , blog ,
,   4 , 407 , In Search of..Comparing Popularity using Google Insights                             , blog ,
,  21 , 408 , JQuery event trigger result in WebWork 2.2.x and Struts2                             , blog ,
,   2 , 409 , You can't just install the whatever module                                           , blog ,
,   4 , 410 , 5 Enhancements That Would Make Twitter The Killer App                                , blog ,
,  12 , 411 , Wireframes a little easier.                                                          , blog ,
,   5 , 412 , Learning a Client's Business                                                         , blog ,
,   6 , 413 , Join us for the Northern Virginia Drupal Meetup                                      , blog ,
,  17 , 414 , Yahoo! Pipes takes aggregation and integration to the masses                         , blog ,
,   7 , 415 , Is Drupal Enterprise Ready?                                                          , blog ,
,   7 , 416 , Next Big (Invasion of Privacy) Thing on the Net                                      , blog ,
,   7 , 417 , Re-Think Medium-Independence                                                         , blog ,
,  16 , 418 , The Views2 Attachment Display                                                        , blog ,
,   6 , 419 , Join us for the Northern Virgina Drupal Meetup Tonight!                              , blog ,
,   2 , 420 , A sketchy approach to wireframes                                                     , blog ,
,   2 , 421 , Check Water Supply... again                                                          , blog ,
,   6 , 422 , Drupal Lab next week                                                                 , blog ,
,   6 , 423 , The slides from last night's NoVa Drupal meetup                                      , blog ,
,  19 , 424 , Life Below the Fold                                                                  , blog ,
,  14 , 425 , Driving Visualization with Semantic Web                                              , blog ,
,  21 , 426 , JQuery event trigger result in WebWork 2.2.x and Struts2, Part 2                     , blog ,
,   7 , 427 , Transparent Backgrounds with CSS                                                     , blog ,
,   7 , 428 , Business Analytics in Drupal with Views                                              , blog ,
,   3 , 429 , Defining a Content Type in a Module                                                  , blog ,
,  20 , 430 , Simple survey customization for Drupal                                               , blog ,
,   6 , 431 , Northern Virginia Drupal Meetup - November 5th                                       , blog ,
,  18 , 432 , How new technology has changed my election experience                                , blog ,
,   6 , 433 , Come on out to the NoVa Drupal Meetup tonight at Bailey's, 6:30 PM                   , blog ,
,  16 , 434 , My new Ubuntu desktop                                                                , blog ,
,   4 , 436 , Open Source vs. Vendor-Provided Software: Comparing Them Side by Side                , blog ,
,  22 , 438 , Time and Materials Contracts: A Value Proposition                                    , blog ,
,  13 , 439 , Check out Dabbleboard                                                                , blog ,
,   3 , 441 , Confirming your users choice to navigate away from a node edit form.                 , blog ,
,  11 , 442 , Rounded Corners on Images using CSS                                                  , blog ,
,   6 , 443 , Northern Virginia Drupal December Meetup                                             , blog ,
,   3 , 444 , Node Edit Protection module released.                                                , blog ,
,  12 , 445 , The first week with my new tablet                                                    , blog ,
,   6 , 446 , DC Drupal Meetup tonight at Stetsons                                                 , blog ,
,  16 , 448 , Conference about to begin                                                            , blog ,
,   7 , 452 , If Solr Suddenly Stopped Working on Your Drupal Site                                 , blog ,
,   4 , 458 , Phase2 Proposed Topics for Drupalcon DC 2009                                         , blog ,
,   1 , 499 , Test                                                                                 , blog ,
,   1 , 500 , Test                                                                                 , blog ,
,  24 , 501 , erik test                                                                            , blog ,
